@id,system:index,feature_id,id,landuse,crop_Month_01,crop_Month_02,crop_Month_03,crop_Month_04,crop_Month_05,crop_Month_06,crop_Month_07,crop_Month_08,crop_Month_09,crop_Month_10,crop_Month_11,crop_Month_12,sum_Month_01,sum_Month_02,sum_Month_03,sum_Month_04,sum_Month_05,sum_Month_06,sum_Month_07,sum_Month_08,sum_Month_09,sum_Month_10,sum_Month_11,sum_Month_12
relation/11350773,180_00000000000000000001,00000000000000000001,relation/11350773,farmland,,,,,,,,,,,,,0.0,0.0,0.0,0.0,0.0,0.0,0.0,0.0,0.0,0.0,0.0,0.0
relation/4720446,180_00000000000000000000,00000000000000000000,relation/4720446,farmland,Sisal,Sisal,Sisal,Sisal,Sisal,Sisal,Sisal,Sisal,Sisal,Sisal,Sisal,Sisal,0.0,36.03984966278077,126.76147135192274,410.25081484177537,136.12385784971949,0.7525691612094056,19.38906334521724,16.6121531383664,17.22386159616358,41.07976014380362,488.7266796486051,391.835282161189
way/1097270983,180_000000000000000000a2,000000000000000000a2,way/1097270983,farmland,,,,,,,,,,,,,0.0,0.0,0.0,0.0,0.0,0.0,0.0,0.0,0.0,0.0,0.0,0.0
way/1097270984,180_000000000000000000a3,000000000000000000a3,way/1097270984,farmland,,,,,,,,,,,,,0.0202219748029521,0.0292179360109217,0.086112018660003,0.8050261366601084,0.1922585431267233,0.0,0.0293788423725202,0.0,0.0196491493898279,0.1445798892600863,0.8864353553921569,0.8742658951703239
way/1097270989,180_000000000000000000a4,000000000000000000a4,way/1097270989,farmland,,,,,,,,,,,,,0.0,0.0,0.0,0.0,0.0,0.0,0.0,0.0,0.0,0.0,0.0,0.0
way/1097270991,180_000000000000000000a5,000000000000000000a5,way/1097270991,farmland,,,,,,,,,,,,,0.0202219748029521,0.0292179360109217,0.086112018660003,0.8050261366601084,0.1922585431267233,0.0,0.0293788423725202,0.0,0.0196491493898279,0.1445798892600863,0.8864353553921569,0.8742658951703239
way/1097270992,180_000000000000000000a6,000000000000000000a6,way/1097270992,farmland,,,,,,,,,,,,,0.0,0.0,0.0,0.0,0.0,0.0,0.0,0.0,0.0,0.0,0.0,0.0
way/1097270993,180_000000000000000000a7,000000000000000000a7,way/1097270993,farmland,,,,,,,,,,,,,0.0,0.0,0.0,0.0,0.0,0.0,0.0,0.0,0.0,0.0,0.0,0.0
way/1097275287,180_000000000000000000a8,000000000000000000a8,way/1097275287,farmland,,,,,,,,,,,,,0.0,0.0,0.0,0.0,0.0,0.0,0.0,0.0,0.0,0.0,0.0,0.0
way/1097275288,180_000000000000000000a9,000000000000000000a9,way/1097275288,farmland,,,,,,,,,,,,,0.0,0.0,0.0,0.0,0.0,0.0,0.0,0.0,0.0,0.0,0.0,0.0
way/1097275295,180_000000000000000000aa,000000000000000000aa,way/1097275295,farmland,,,,,,,,,,,,,0.0,0.0349824101317162,0.0807359153149174,0.787865410599054,0.2142320520737592,0.0,0.0342112690794701,0.0,0.0,0.1342541367399926,0.9690662458831188,0.8322318731569777
way/1097275296,180_000000000000000000ab,000000000000000000ab,way/1097275296,farmland,,,,,,,,,,,,,0.0,0.0,0.0,0.0,0.0,0.0,0.0,0.0,0.0,0.0,0.0,0.0
way/1097275303,180_000000000000000000ac,000000000000000000ac,way/1097275303,farmland,,,,,,,,,,,,,0.0,0.0,0.0,0.0,0.0,0.0,0.0,0.0,0.0,0.0,0.0,0.0
way/1097275322,180_000000000000000000ad,000000000000000000ad,way/1097275322,farmland,,,,,,,,,,,,,0.0,0.0,0.0,0.0,0.0,0.0,0.0,0.0,0.0,0.0,0.0,0.0
way/1097275333,180_000000000000000000ae,000000000000000000ae,way/1097275333,farmland,,,,,,,,,,,,,0.0,0.0,0.0,0.0,0.0,0.0,0.0,0.0,0.0,0.0,0.0,0.0
way/1097275334,180_000000000000000000af,000000000000000000af,way/1097275334,farmland,,,,,,,,,,,,,0.0,0.0,0.0,0.0,0.0,0.0,0.0,0.0,0.0,0.0,0.0,0.0
way/1097275336,180_000000000000000000b0,000000000000000000b0,way/1097275336,farmland,,,,,,,,,,,,,0.0,0.0349824101317162,0.0807359153149174,0.787865410599054,0.2142320520737592,0.0,0.0342112690794701,0.0,0.0,0.1342541367399926,0.9690662458831188,0.8322318731569777
way/1097275337,180_000000000000000000b1,000000000000000000b1,way/1097275337,farmland,,,,,,,,,,,,,0.0,0.0,0.0,0.0,0.0,0.0,0.0,0.0,0.0,0.0,0.0,0.0
way/1097275340,180_000000000000000000b2,000000000000000000b2,way/1097275340,farmland,,,,,,,,,,,,,0.0,0.0,0.0,0.0,0.0,0.0,0.0,0.0,0.0,0.0,0.0,0.0
way/1097275342,180_000000000000000000b3,000000000000000000b3,way/1097275342,farmland,,,,,,,,,,,,,0.0,0.0,0.0,0.0,0.0,0.0,0.0,0.0,0.0,0.0,0.0,0.0
way/1097275343,180_000000000000000000b4,000000000000000000b4,way/1097275343,farmland,,,,,,,,,,,,,0.0,0.0,0.0,0.0,0.0,0.0,0.0,0.0,0.0,0.0,0.0,0.0
way/1189000162,180_000000000000000000b5,000000000000000000b5,way/1189000162,farmland,,,,,,,,,,,,,0.0,0.0,0.0,0.0,0.0,0.0,0.0,0.0,0.0,0.0,0.0,0.0
way/1189000490,180_000000000000000000b6,000000000000000000b6,way/1189000490,farmland,,,,,,,,,,,,,0.0,0.0,0.0,0.0,0.0,0.0,0.0,0.0,0.0,0.0,0.0,0.0
way/1189000491,180_000000000000000000b7,000000000000000000b7,way/1189000491,farmland,,,,,,,,,,,,,0.0,0.0,0.0,0.0,0.0,0.0,0.0,0.0,0.0,0.0,0.0,0.0
way/1189002593,180_000000000000000000b8,000000000000000000b8,way/1189002593,farmland,,,,,,,,,,,,,0.0217511429506189,0.048734462962431,0.0781259910733092,0.8927089691162109,0.2893645342658548,0.0035546139174816,0.038956703859217,0.0387497995413985,0.0,0.1894932896483178,1.4760736502853091,0.9055282966763364
way/1189002594,180_000000000000000000b9,000000000000000000b9,way/1189002594,farmland,,,,,,,,,,,,,0.0,0.0,0.0,0.0,0.0,0.0,0.0,0.0,0.0,0.0,0.0,0.0
way/1189002596,180_000000000000000000ba,000000000000000000ba,way/1189002596,farmland,,,,,,,,,,,,,0.0,0.0,0.0,0.0,0.0,0.0,0.0,0.0,0.0,0.0,0.0,0.0
way/1189003166,180_000000000000000000bb,000000000000000000bb,way/1189003166,farmland,,,,,,,,,,,,,0.0,0.0,0.0,0.0,0.0,0.0,0.0,0.0,0.0,0.0,0.0,0.0
way/1189003167,180_000000000000000000bc,000000000000000000bc,way/1189003167,farmland,,,,,,,,,,,,,0.0,0.0,0.0,0.0,0.0,0.0,0.0,0.0,0.0,0.0,0.0,0.0
way/1194723986,180_000000000000000000bd,000000000000000000bd,way/1194723986,farmland,Citrus,Citrus,Citrus,Citrus,Citrus,Citrus,Citrus,Citrus,Citrus,Citrus,Citrus,Citrus,0.0,0.0,0.0,0.0,0.0,0.0,0.0,0.0,0.0,0.0,0.0,0.0
way/492807117,180_00000000000000000002,00000000000000000002,way/492807117,farmland,corn;cereal,corn;cereal,corn;cereal,corn;cereal,corn;cereal,corn;cereal,corn;cereal,corn;cereal,corn;cereal,corn;cereal,corn;cereal,corn;cereal,0.0,0.0,0.0,0.0,0.0,0.0,0.0,0.0,0.0,0.0,0.0,0.0
way/492807893,180_00000000000000000003,00000000000000000003,way/492807893,farmland,cereal;field_cropland,cereal;field_cropland,cereal;field_cropland,cereal;field_cropland,cereal;field_cropland,cereal;field_cropland,cereal;field_cropland,cereal;field_cropland,cereal;field_cropland,cereal;field_cropland,cereal;field_cropland,cereal;field_cropland,0.0,0.0,0.0,0.0,0.0,0.0,0.0,0.0,0.0,0.0,0.0,0.0
way/492810929,180_00000000000000000004,00000000000000000004,way/492810929,farmland,field_cropland,field_cropland,field_cropland,field_cropland,field_cropland,field_cropland,field_cropland,field_cropland,field_cropland,field_cropland,field_cropland,field_cropland,0.0,0.0,0.0,0.0,0.0,0.0,0.0,0.0,0.0,0.0,0.0,0.0
way/571414747,180_00000000000000000005,00000000000000000005,way/571414747,farmland,,,,,,,,,,,,,0.0,0.0,0.0,0.0,0.0,0.0,0.0,0.0,0.0,0.0,0.0,0.0
way/571416482,180_00000000000000000006,00000000000000000006,way/571416482,farmland,,,,,,,,,,,,,0.0,0.0,0.0,0.0,0.0,0.0,0.0,0.0,0.0,0.0,0.0,0.0
way/571416500,180_00000000000000000007,00000000000000000007,way/571416500,farmland,,,,,,,,,,,,,0.0,0.0,0.0,0.0,0.0,0.0,0.0,0.0,0.0,0.0,0.0,0.0
way/571416502,180_00000000000000000008,00000000000000000008,way/571416502,farmland,,,,,,,,,,,,,0.0,0.0,0.0,0.0,0.0,0.0,0.0,0.0,0.0,0.0,0.0,0.0
way/571416503,180_00000000000000000009,00000000000000000009,way/571416503,farmland,,,,,,,,,,,,,0.0,0.0,0.0,0.0,0.0,0.0,0.0,0.0,0.0,0.0,0.0,0.0
way/571416505,180_0000000000000000000a,0000000000000000000a,way/571416505,farmland,,,,,,,,,,,,,0.0,0.0,0.0,0.0,0.0,0.0,0.0,0.0,0.0,0.0,0.0,0.0
way/571416506,180_0000000000000000000b,0000000000000000000b,way/571416506,farmland,,,,,,,,,,,,,0.0,0.0,0.0,0.0,0.0,0.0,0.0,0.0,0.0,0.0,0.0,0.0
way/571838768,180_0000000000000000000c,0000000000000000000c,way/571838768,farmland,,,,,,,,,,,,,0.0,0.0,0.0,0.0,0.0,0.0,0.0,0.0,0.0,0.0,0.0,0.0
way/571838770,180_0000000000000000000d,0000000000000000000d,way/571838770,farmland,,,,,,,,,,,,,0.0,0.0,0.0,0.0,0.0,0.0,0.0,0.0,0.0,0.0,0.0,0.0
way/571838777,180_0000000000000000000e,0000000000000000000e,way/571838777,farmland,,,,,,,,,,,,,0.0,0.0,0.0,0.0,0.0,0.0,0.0,0.0,0.0,0.0,0.0,0.0
way/571838779,180_0000000000000000000f,0000000000000000000f,way/571838779,farmland,,,,,,,,,,,,,0.0,0.0,0.0,0.0,0.0,0.0,0.0,0.0,0.0,0.0,0.0,0.0
way/571838780,180_00000000000000000010,00000000000000000010,way/571838780,farmland,,,,,,,,,,,,,0.0,0.0,0.0,0.0,0.0,0.0,0.0,0.0,0.0,0.0,0.0,0.0
way/571838781,180_00000000000000000011,00000000000000000011,way/571838781,farmland,,,,,,,,,,,,,0.0204036086213354,0.0868346868776807,0.2029069788315717,1.061797175687902,0.3341170067880668,0.0254684541739669,0.0283038466584448,0.0234444403180889,0.0217059602924421,0.1956012295741661,1.0858914543600644,0.6769077637616325
way/571840185,180_00000000000000000012,00000000000000000012,way/571840185,farmland,,,,,,,,,,,,,0.0,0.0,0.0,0.0,0.0,0.0,0.0,0.0,0.0,0.0,0.0,0.0
way/571840200,180_00000000000000000013,00000000000000000013,way/571840200,farmland,,,,,,,,,,,,,0.0,0.0,0.0,0.0,0.0,0.0,0.0,0.0,0.0,0.0,0.0,0.0
way/571840208,180_00000000000000000014,00000000000000000014,way/571840208,farmland,,,,,,,,,,,,,0.0,0.0,0.0,0.0,0.0,0.0,0.0,0.0,0.0,0.0,0.0,0.0
way/571840210,180_00000000000000000015,00000000000000000015,way/571840210,farmland,,,,,,,,,,,,,0.0,0.0,0.0,0.0,0.0,0.0,0.0,0.0,0.0,0.0,0.0,0.0
way/572359569,180_00000000000000000016,00000000000000000016,way/572359569,farmland,,,,,,,,,,,,,0.0,0.0,0.0,0.0,0.0,0.0,0.0,0.0,0.0,0.0,0.0,0.0
way/572359573,180_00000000000000000017,00000000000000000017,way/572359573,farmland,,,,,,,,,,,,,0.0,0.0,0.0,0.0,0.0,0.0,0.0,0.0,0.0,0.0,0.0,0.0
way/572359577,180_00000000000000000018,00000000000000000018,way/572359577,farmland,,,,,,,,,,,,,0.0,0.0,0.0,0.0,0.0,0.0,0.0,0.0,0.0,0.0,0.0,0.0
way/572359586,180_00000000000000000019,00000000000000000019,way/572359586,farmland,,,,,,,,,,,,,0.0,0.0,0.0,0.0,0.0,0.0,0.0,0.0,0.0,0.0,0.0,0.0
way/578369429,180_0000000000000000001a,0000000000000000001a,way/578369429,farmland,,,,,,,,,,,,,0.0,0.0,0.0,0.0,0.0,0.0,0.0,0.0,0.0,0.0,0.0,0.0
way/578369430,180_0000000000000000001b,0000000000000000001b,way/578369430,farmland,,,,,,,,,,,,,0.0,0.0,0.0,0.0,0.0,0.0,0.0,0.0,0.0,0.0,0.0,0.0
way/582492062,180_0000000000000000001c,0000000000000000001c,way/582492062,farmland,,,,,,,,,,,,,0.0,0.0,0.0,0.0,0.0,0.0,0.0,0.0,0.0,0.0,0.0,0.0
way/582492066,180_0000000000000000001d,0000000000000000001d,way/582492066,farmland,,,,,,,,,,,,,0.0,0.0,0.0,0.0,0.0,0.0,0.0,0.0,0.0,0.0,0.0,0.0
way/582500803,180_0000000000000000001e,0000000000000000001e,way/582500803,farmland,,,,,,,,,,,,,0.0,0.0,0.0,0.0,0.0,0.0,0.0,0.0,0.0,0.0,0.0,0.0
way/582500805,180_0000000000000000001f,0000000000000000001f,way/582500805,farmland,,,,,,,,,,,,,0.0236797295364679,0.1194142061121323,0.2826204412123736,1.3103073718501073,0.3892101512235754,0.0431879885056439,0.0449031605440027,0.0414603289435891,0.0271492350335214,0.3269808432635139,1.3393192515653722,0.7153193342919443
way/582500807,180_00000000000000000020,00000000000000000020,way/582500807,farmland,,,,,,,,,,,,,0.0,0.0,0.0,0.0,0.0,0.0,0.0,0.0,0.0,0.0,0.0,0.0
way/582500808,180_00000000000000000021,00000000000000000021,way/582500808,farmland,,,,,,,,,,,,,0.0,0.0,0.0,0.0,0.0,0.0,0.0,0.0,0.0,0.0,0.0,0.0
way/582501004,180_00000000000000000022,00000000000000000022,way/582501004,farmland,,,,,,,,,,,,,0.0,0.0,0.0,0.0,0.0,0.0,0.0,0.0,0.0,0.0,0.0,0.0
way/585097422,180_00000000000000000023,00000000000000000023,way/585097422,farmland,fruits,fruits,fruits,fruits,fruits,fruits,fruits,fruits,fruits,fruits,fruits,fruits,0.0,0.0829170825434666,0.1868622200161803,1.1313124039593865,0.3637844310087316,0.0277297562243891,0.0410799306981703,0.0300463106117996,0.0219947945837881,0.2189198980144426,1.1051873150993796,0.6548182954975202
way/585340659,180_00000000000000000024,00000000000000000024,way/585340659,farmland,,,,,,,,,,,,,0.0,0.0,0.0,0.0,0.0,0.0,0.0,0.0,0.0,0.0,0.0,0.0
way/585340660,180_00000000000000000025,00000000000000000025,way/585340660,farmland,,,,,,,,,,,,,0.0,0.0,0.0,0.0,0.0,0.0,0.0,0.0,0.0,0.0,0.0,0.0
way/585340662,180_00000000000000000026,00000000000000000026,way/585340662,farmland,,,,,,,,,,,,,0.020176357381484,0.0755487255021637,0.2039045221665326,1.1264043284397498,0.350577350691253,0.0288339708365646,0.0381435300789627,0.0319871491076899,0.0221059958140055,0.2364899859708898,1.215138843012791,0.6654320174572514
way/585340663,180_00000000000000000027,00000000000000000027,way/585340663,farmland,,,,,,,,,,,,,0.0,0.0,0.0,0.0,0.0,0.0,0.0,0.0,0.0,0.0,0.0,0.0
way/585340664,180_00000000000000000028,00000000000000000028,way/585340664,farmland,,,,,,,,,,,,,0.0,0.0,0.0,0.0,0.0,0.0,0.0,0.0,0.0,0.0,0.0,0.0
way/585340665,180_00000000000000000029,00000000000000000029,way/585340665,farmland,,,,,,,,,,,,,0.0,0.0,0.0,0.0,0.0,0.0,0.0,0.0,0.0,0.0,0.0,0.0
way/585340666,180_0000000000000000002a,0000000000000000002a,way/585340666,farmland,,,,,,,,,,,,,0.0,0.0,0.0,0.0,0.0,0.0,0.0,0.0,0.0,0.0,0.0,0.0
way/827847118,180_0000000000000000002b,0000000000000000002b,way/827847118,farmland,,,,,,,,,,,,,0.0,0.0,0.0,0.0,0.0,0.0,0.0,0.0,0.0,0.0,0.0,0.0
way/827847133,180_0000000000000000002c,0000000000000000002c,way/827847133,farmland,,,,,,,,,,,,,0.0219358360066133,0.1618873259600471,0.2781971800561044,0.8333565730674594,0.3428627762140012,0.0229402607562495,0.0,0.0,0.0,0.1307923260857077,0.7235215280570236,0.4722196840772442
way/827847135,180_0000000000000000002d,0000000000000000002d,way/827847135,farmland,,,,,,,,,,,,,0.0219358360066133,0.1618873259600471,0.2781971800561044,0.8333565730674594,0.3428627762140012,0.0229402607562495,0.0,0.0,0.0,0.1307923260857077,0.7235215280570236,0.4722196840772442
way/827847136,180_0000000000000000002e,0000000000000000002e,way/827847136,farmland,,,,,,,,,,,,,0.0219358360066133,0.1618873259600471,0.2781971800561044,0.8333565730674594,0.3428627762140012,0.0229402607562495,0.0,0.0,0.0,0.1307923260857077,0.7235215280570236,0.4722196840772442
way/827847137,180_0000000000000000002f,0000000000000000002f,way/827847137,farmland,,,,,,,,,,,,,0.0219358360066133,0.1618873259600471,0.2781971800561044,0.8333565730674594,0.3428627762140012,0.0229402607562495,0.0,0.0,0.0,0.1307923260857077,0.7235215280570236,0.4722196840772442
way/827847138,180_00000000000000000030,00000000000000000030,way/827847138,farmland,,,,,,,,,,,,,0.0,0.0,0.0,0.0,0.0,0.0,0.0,0.0,0.0,0.0,0.0,0.0
way/827847140,180_00000000000000000031,00000000000000000031,way/827847140,farmland,,,,,,,,,,,,,0.0,0.0,0.0,0.0,0.0,0.0,0.0,0.0,0.0,0.0,0.0,0.0
way/827847142,180_00000000000000000032,00000000000000000032,way/827847142,farmland,,,,,,,,,,,,,0.0,0.0,0.0,0.0,0.0,0.0,0.0,0.0,0.0,0.0,0.0,0.0
way/827847143,180_00000000000000000033,00000000000000000033,way/827847143,farmland,,,,,,,,,,,,,0.0,0.0,0.0,0.0,0.0,0.0,0.0,0.0,0.0,0.0,0.0,0.0
way/827847146,180_00000000000000000034,00000000000000000034,way/827847146,farmland,,,,,,,,,,,,,0.0,0.0,0.0,0.0,0.0,0.0,0.0,0.0,0.0,0.0,0.0,0.0
way/830382691,180_00000000000000000035,00000000000000000035,way/830382691,farmland,,,,,,,,,,,,,0.0,0.0,0.0,0.0,0.0,0.0,0.0,0.0,0.0,0.0,0.0,0.0
way/830382692,180_00000000000000000036,00000000000000000036,way/830382692,farmland,,,,,,,,,,,,,0.0,0.0,0.0,0.0,0.0,0.0,0.0,0.0,0.0,0.0,0.0,0.0
way/830382699,180_00000000000000000037,00000000000000000037,way/830382699,farmland,,,,,,,,,,,,,0.0,0.0,0.0,0.0,0.0,0.0,0.0,0.0,0.0,0.0,0.0,0.0
way/830402251,180_00000000000000000038,00000000000000000038,way/830402251,farmland,,,,,,,,,,,,,0.1212742300594554,0.7712822409237132,1.111393502179314,4.25945400911219,1.483831091488109,0.0,0.0,0.0,0.0,0.4872721952550551,4.525121397130629,3.239074505076689
way/848924174,180_00000000000000000039,00000000000000000039,way/848924174,farmland,,,,,,,,,,,,,0.0,0.0,0.0,0.0,0.0,0.0,0.0,0.0,0.0,0.0,0.0,0.0
way/849366800,180_0000000000000000003a,0000000000000000003a,way/849366800,farmland,,,,,,,,,,,,,0.0214973206613578,0.0798337057525036,0.1640270457548253,0.7553938323376226,0.280839381498449,0.0,0.0,0.0,0.0,0.0780799416934742,0.6565463496189491,0.5337842903885187
way/849838178,180_0000000000000000003b,0000000000000000003b,way/849838178,farmland,,,,,,,,,,,,,0.0,0.0,0.0,0.0,0.0,0.0,0.0,0.0,0.0,0.0,0.0,0.0
way/849838179,180_0000000000000000003c,0000000000000000003c,way/849838179,farmland,,,,,,,,,,,,,0.0,0.0,0.0,0.0,0.0,0.0,0.0,0.0,0.0,0.0,0.0,0.0
way/849838180,180_0000000000000000003d,0000000000000000003d,way/849838180,farmland,,,,,,,,,,,,,0.0,0.0,0.0,0.0,0.0,0.0,0.0,0.0,0.0,0.0,0.0,0.0
way/849838181,180_0000000000000000003e,0000000000000000003e,way/849838181,farmland,,,,,,,,,,,,,0.0,0.0,0.0,0.0,0.0,0.0,0.0,0.0,0.0,0.0,0.0,0.0
way/849838182,180_0000000000000000003f,0000000000000000003f,way/849838182,farmland,,,,,,,,,,,,,0.0,0.0,0.0,0.0,0.0,0.0,0.0,0.0,0.0,0.0,0.0,0.0
way/849838183,180_00000000000000000040,00000000000000000040,way/849838183,farmland,,,,,,,,,,,,,0.0,0.0,0.0,0.0,0.0,0.0,0.0,0.0,0.0,0.0,0.0,0.0
way/849838184,180_00000000000000000041,00000000000000000041,way/849838184,farmland,,,,,,,,,,,,,0.0,0.0,0.0,0.0,0.0,0.0,0.0,0.0,0.0,0.0,0.0,0.0
way/849838185,180_00000000000000000042,00000000000000000042,way/849838185,farmland,,,,,,,,,,,,,0.0,0.0,0.0,0.0,0.0,0.0,0.0,0.0,0.0,0.0,0.0,0.0
way/849838186,180_00000000000000000043,00000000000000000043,way/849838186,farmland,,,,,,,,,,,,,0.0,0.0,0.0,0.0,0.0,0.0,0.0,0.0,0.0,0.0,0.0,0.0
way/849838187,180_00000000000000000044,00000000000000000044,way/849838187,farmland,,,,,,,,,,,,,0.0,0.0,0.0,0.0,0.0,0.0,0.0,0.0,0.0,0.0,0.0,0.0
way/849838188,180_00000000000000000045,00000000000000000045,way/849838188,farmland,,,,,,,,,,,,,0.0,0.0,0.0,0.0,0.0,0.0,0.0,0.0,0.0,0.0,0.0,0.0
way/849838189,180_00000000000000000046,00000000000000000046,way/849838189,farmland,,,,,,,,,,,,,0.0,0.0,0.0,0.0,0.0,0.0,0.0,0.0,0.0,0.0,0.0,0.0
way/849838190,180_00000000000000000047,00000000000000000047,way/849838190,farmland,,,,,,,,,,,,,0.0,0.0,0.0,0.0,0.0,0.0,0.0,0.0,0.0,0.0,0.0,0.0
way/850196609,180_00000000000000000048,00000000000000000048,way/850196609,farmland,,,,,,,,,,,,,0.0208525040570427,0.057840170579798,0.1900450369890998,0.725052874696021,0.2970519720339307,0.0,0.0553405471876555,0.0414275375067018,0.0311917389140409,0.1074944683149749,0.9420309403363396,0.6029906328986673
way/850217478,180_00000000000000000049,00000000000000000049,way/850217478,farmland,,,,,,,,,,,,,0.0219072641110887,0.0548094824248669,0.1230699875775505,0.9446186813653684,0.352539197136374,0.019672305911195,0.0242216671214384,0.0,0.0,0.1677729101742015,1.224118917128619,0.6922814537497127
way/850221362,180_0000000000000000004a,0000000000000000004a,way/850221362,farmland,,,,,,,,,,,,,0.0,0.0,0.0,0.0,0.0,0.0,0.0,0.0,0.0,0.0,0.0,0.0
way/850221364,180_0000000000000000004b,0000000000000000004b,way/850221364,farmland,,,,,,,,,,,,,0.0,0.0,0.0,0.0,0.0,0.0,0.0,0.0,0.0,0.0,0.0,0.0
way/850221365,180_0000000000000000004c,0000000000000000004c,way/850221365,farmland,,,,,,,,,,,,,0.0,0.0,0.0,0.0,0.0,0.0,0.0,0.0,0.0,0.0,0.0,0.0
way/850221368,180_0000000000000000004d,0000000000000000004d,way/850221368,farmland,,,,,,,,,,,,,0.0,0.0,0.0,0.0,0.0,0.0,0.0,0.0,0.0,0.0,0.0,0.0
way/850221369,180_0000000000000000004e,0000000000000000004e,way/850221369,farmland,,,,,,,,,,,,,0.0,0.0,0.0,0.0,0.0,0.0,0.0,0.0,0.0,0.0,0.0,0.0
way/850221370,180_0000000000000000004f,0000000000000000004f,way/850221370,farmland,,,,,,,,,,,,,0.0,0.0,0.0,0.0,0.0,0.0,0.0,0.0,0.0,0.0,0.0,0.0
way/850221372,180_00000000000000000050,00000000000000000050,way/850221372,farmland,,,,,,,,,,,,,0.0,0.0,0.0,0.0,0.0,0.0,0.0,0.0,0.0,0.0,0.0,0.0
way/850221373,180_00000000000000000051,00000000000000000051,way/850221373,farmland,,,,,,,,,,,,,0.0,0.0,0.0,0.0,0.0,0.0,0.0,0.0,0.0,0.0,0.0,0.0
way/850221374,180_00000000000000000052,00000000000000000052,way/850221374,farmland,,,,,,,,,,,,,0.0219072641110887,0.0548094824248669,0.1230699875775505,0.9446186813653684,0.352539197136374,0.019672305911195,0.0242216671214384,0.0,0.0,0.1677729101742015,1.224118917128619,0.6922814537497127
way/850221377,180_00000000000000000053,00000000000000000053,way/850221377,farmland,,,,,,,,,,,,,0.0219072641110887,0.0548094824248669,0.1230699875775505,0.9446186813653684,0.352539197136374,0.019672305911195,0.0242216671214384,0.0,0.0,0.1677729101742015,1.224118917128619,0.6922814537497127
way/850221378,180_00000000000000000054,00000000000000000054,way/850221378,farmland,,,,,,,,,,,,,0.0,0.0,0.0,0.0,0.0,0.0,0.0,0.0,0.0,0.0,0.0,0.0
way/850661503,180_00000000000000000055,00000000000000000055,way/850661503,farmland,,,,,,,,,,,,,0.0644919619840734,0.2395011172575109,0.4920811372644761,2.266181497012868,0.842518144495347,0.0,0.0,0.0,0.0,0.2342398250804228,1.9696390488568476,1.601352871165556
way/850661511,180_00000000000000000056,00000000000000000056,way/850661511,farmland,,,,,,,,,,,,,0.0,0.0,0.0,0.0,0.0,0.0,0.0,0.0,0.0,0.0,0.0,0.0
way/850661512,180_00000000000000000057,00000000000000000057,way/850661512,farmland,,,,,,,,,,,,,0.0214973206613578,0.0798337057525036,0.1640270457548253,0.7553938323376226,0.280839381498449,0.0,0.0,0.0,0.0,0.0780799416934742,0.6565463496189491,0.5337842903885187
way/850661513,180_00000000000000000058,00000000000000000058,way/850661513,farmland,,,,,,,,,,,,,0.0,0.0,0.0,0.0,0.0,0.0,0.0,0.0,0.0,0.0,0.0,0.0
way/850661514,180_00000000000000000059,00000000000000000059,way/850661514,farmland,,,,,,,,,,,,,0.0,0.0,0.0,0.0,0.0,0.0,0.0,0.0,0.0,0.0,0.0,0.0
way/850661515,180_0000000000000000005a,0000000000000000005a,way/850661515,farmland,,,,,,,,,,,,,0.0,0.0,0.0,0.0,0.0,0.0,0.0,0.0,0.0,0.0,0.0,0.0
way/850661516,180_0000000000000000005b,0000000000000000005b,way/850661516,farmland,,,,,,,,,,,,,0.1380959099414301,0.5262855024898754,1.0887252358829274,5.206369467342601,1.8005581799675436,0.0,0.0,0.0,0.0,0.5363340265610639,4.692557031968061,3.8231522952809054
way/850793064,180_0000000000000000005c,0000000000000000005c,way/850793064,farmland,,,,,,,,,,,,,0.0429946413227156,0.1596674115050072,0.3280540915096507,1.5107876646752452,0.561678762996898,0.0,0.0,0.0,0.0,0.1561598833869485,1.3130926992378982,1.0675685807770374
way/850794320,180_0000000000000000005d,0000000000000000005d,way/850794320,farmland,,,,,,,,,,,,,0.0,0.0,0.0,0.0,0.0,0.0,0.0,0.0,0.0,0.0,0.0,0.0
way/850804673,180_0000000000000000005e,0000000000000000005e,way/850804673,farmland,,,,,,,,,,,,,0.0,0.0,0.0,0.0,0.0,0.0,0.0,0.0,0.0,0.0,0.0,0.0
way/850804674,180_0000000000000000005f,0000000000000000005f,way/850804674,farmland,,,,,,,,,,,,,0.0,0.0,0.0,0.0,0.0,0.0,0.0,0.0,0.0,0.0,0.0,0.0
way/850804676,180_00000000000000000060,00000000000000000060,way/850804676,farmland,,,,,,,,,,,,,0.0,0.0,0.0,0.0,0.0,0.0,0.0,0.0,0.0,0.0,0.0,0.0
way/850807136,180_00000000000000000061,00000000000000000061,way/850807136,farmland,,,,,,,,,,,,,0.0,0.0,0.0,0.0,0.0,0.0,0.0,0.0,0.0,0.0,0.0,0.0
way/850809086,180_00000000000000000062,00000000000000000062,way/850809086,farmland,,,,,,,,,,,,,0.0,0.0,0.0,0.0,0.0,0.0,0.0,0.0,0.0,0.0,0.0,0.0
way/850809087,180_00000000000000000063,00000000000000000063,way/850809087,farmland,,,,,,,,,,,,,0.0,0.0680982384027219,0.1830627777997185,0.6482709398456649,0.2778476490693933,0.0,0.0,0.0,0.0,0.0740563822727577,0.6380974339503868,0.5246556749530867
way/850810624,180_00000000000000000064,00000000000000000064,way/850810624,farmland,,,,,,,,,,,,,0.0,0.0,0.0,0.0,0.0,0.0,0.0,0.0,0.0,0.0,0.0,0.0
way/850810625,180_00000000000000000065,00000000000000000065,way/850810625,farmland,,,,,,,,,,,,,0.0,0.0,0.0,0.0,0.0,0.0,0.0,0.0,0.0,0.0,0.0,0.0
way/850810626,180_00000000000000000066,00000000000000000066,way/850810626,farmland,,,,,,,,,,,,,0.0,0.0,0.0,0.0,0.0,0.0,0.0,0.0,0.0,0.0,0.0,0.0
way/850810627,180_00000000000000000067,00000000000000000067,way/850810627,farmland,,,,,,,,,,,,,0.0,0.0,0.0,0.0,0.0,0.0,0.0,0.0,0.0,0.0,0.0,0.0
way/850811615,180_00000000000000000068,00000000000000000068,way/850811615,farmland,,,,,,,,,,,,,0.0,0.0,0.0,0.0,0.0,0.0,0.0,0.0,0.0,0.0,0.0,0.0
way/850811616,180_00000000000000000069,00000000000000000069,way/850811616,farmland,,,,,,,,,,,,,0.0,0.0,0.0,0.0,0.0,0.0,0.0,0.0,0.0,0.0,0.0,0.0
way/850811617,180_0000000000000000006a,0000000000000000006a,way/850811617,farmland,,,,,,,,,,,,,0.0,0.0,0.0,0.0,0.0,0.0,0.0,0.0,0.0,0.0,0.0,0.0
way/850811618,180_0000000000000000006b,0000000000000000006b,way/850811618,farmland,,,,,,,,,,,,,0.0,0.0,0.0,0.0,0.0,0.0,0.0,0.0,0.0,0.0,0.0,0.0
way/850811619,180_0000000000000000006c,0000000000000000006c,way/850811619,farmland,,,,,,,,,,,,,0.0,0.0680982384027219,0.1830627777997185,0.6482709398456649,0.2778476490693933,0.0,0.0,0.0,0.0,0.0740563822727577,0.6380974339503868,0.5246556749530867
way/850811620,180_0000000000000000006d,0000000000000000006d,way/850811620,farmland,,,,,,,,,,,,,0.0,0.0,0.0,0.0,0.0,0.0,0.0,0.0,0.0,0.0,0.0,0.0
way/850811621,180_0000000000000000006e,0000000000000000006e,way/850811621,farmland,,,,,,,,,,,,,0.0,0.0,0.0,0.0,0.0,0.0,0.0,0.0,0.0,0.0,0.0,0.0
way/850811622,180_0000000000000000006f,0000000000000000006f,way/850811622,farmland,,,,,,,,,,,,,0.0,0.0,0.0,0.0,0.0,0.0,0.0,0.0,0.0,0.0,0.0,0.0
way/850813273,180_00000000000000000070,00000000000000000070,way/850813273,farmland,,,,,,,,,,,,,0.0,0.0,0.0,0.0,0.0,0.0,0.0,0.0,0.0,0.0,0.0,0.0
way/850813274,180_00000000000000000071,00000000000000000071,way/850813274,farmland,,,,,,,,,,,,,0.0,0.0,0.0,0.0,0.0,0.0,0.0,0.0,0.0,0.0,0.0,0.0
way/850813275,180_00000000000000000072,00000000000000000072,way/850813275,farmland,,,,,,,,,,,,,0.0,0.0,0.0,0.0,0.0,0.0,0.0,0.0,0.0,0.0,0.0,0.0
way/850813276,180_00000000000000000073,00000000000000000073,way/850813276,farmland,,,,,,,,,,,,,0.0,0.0,0.0,0.0,0.0,0.0,0.0,0.0,0.0,0.0,0.0,0.0
way/850813277,180_00000000000000000074,00000000000000000074,way/850813277,farmland,,,,,,,,,,,,,0.0,0.0,0.0,0.0,0.0,0.0,0.0,0.0,0.0,0.0,0.0,0.0
way/850813278,180_00000000000000000075,00000000000000000075,way/850813278,farmland,,,,,,,,,,,,,0.0,0.0,0.0,0.0,0.0,0.0,0.0,0.0,0.0,0.0,0.0,0.0
way/850813279,180_00000000000000000076,00000000000000000076,way/850813279,farmland,,,,,,,,,,,,,0.0,0.0,0.0,0.0,0.0,0.0,0.0,0.0,0.0,0.0,0.0,0.0
way/850815135,180_00000000000000000077,00000000000000000077,way/850815135,farmland,,,,,,,,,,,,,0.0,0.0,0.0,0.0,0.0,0.0,0.0,0.0,0.0,0.0,0.0,0.0
way/850815136,180_00000000000000000078,00000000000000000078,way/850815136,farmland,,,,,,,,,,,,,0.0,0.0,0.0,0.0,0.0,0.0,0.0,0.0,0.0,0.0,0.0,0.0
way/850815137,180_00000000000000000079,00000000000000000079,way/850815137,farmland,,,,,,,,,,,,,0.0,0.0,0.0,0.0,0.0,0.0,0.0,0.0,0.0,0.0,0.0,0.0
way/850815138,180_0000000000000000007a,0000000000000000007a,way/850815138,farmland,,,,,,,,,,,,,0.0,0.0,0.0,0.0,0.0,0.0,0.0,0.0,0.0,0.0,0.0,0.0
way/850815139,180_0000000000000000007b,0000000000000000007b,way/850815139,farmland,,,,,,,,,,,,,0.0,0.0,0.0,0.0,0.0,0.0,0.0,0.0,0.0,0.0,0.0,0.0
way/850815140,180_0000000000000000007c,0000000000000000007c,way/850815140,farmland,,,,,,,,,,,,,0.0,0.0,0.0,0.0,0.0,0.0,0.0,0.0,0.0,0.0,0.0,0.0
way/850815141,180_0000000000000000007d,0000000000000000007d,way/850815141,farmland,,,,,,,,,,,,,0.0,0.0,0.0,0.0,0.0,0.0,0.0,0.0,0.0,0.0,0.0,0.0
way/850815142,180_0000000000000000007e,0000000000000000007e,way/850815142,farmland,,,,,,,,,,,,,0.0,0.0680982384027219,0.1830627777997185,0.6482709398456649,0.2778476490693933,0.0,0.0,0.0,0.0,0.0740563822727577,0.6380974339503868,0.5246556749530867
way/850815143,180_0000000000000000007f,0000000000000000007f,way/850815143,farmland,,,,,,,,,,,,,0.0,0.0,0.0,0.0,0.0,0.0,0.0,0.0,0.0,0.0,0.0,0.0
way/850815144,180_00000000000000000080,00000000000000000080,way/850815144,farmland,,,,,,,,,,,,,0.0,0.0,0.0,0.0,0.0,0.0,0.0,0.0,0.0,0.0,0.0,0.0
way/850815145,180_00000000000000000081,00000000000000000081,way/850815145,farmland,,,,,,,,,,,,,0.0,0.0,0.0,0.0,0.0,0.0,0.0,0.0,0.0,0.0,0.0,0.0
way/850815146,180_00000000000000000082,00000000000000000082,way/850815146,farmland,,,,,,,,,,,,,0.0,0.0,0.0,0.0,0.0,0.0,0.0,0.0,0.0,0.0,0.0,0.0
way/850815686,180_00000000000000000083,00000000000000000083,way/850815686,farmland,,,,,,,,,,,,,0.0,0.1361964768054438,0.366125555599437,1.2965418796913295,0.5556952981387867,0.0,0.0,0.0,0.0,0.1481127645455154,1.2761948679007735,1.0493113499061737
way/850815687,180_00000000000000000084,00000000000000000084,way/850815687,farmland,,,,,,,,,,,,,0.0,0.0,0.0,0.0,0.0,0.0,0.0,0.0,0.0,0.0,0.0,0.0
way/850815688,180_00000000000000000085,00000000000000000085,way/850815688,farmland,,,,,,,,,,,,,0.0,0.0,0.0,0.0,0.0,0.0,0.0,0.0,0.0,0.0,0.0,0.0
way/850815689,180_00000000000000000086,00000000000000000086,way/850815689,farmland,,,,,,,,,,,,,0.0,0.0,0.0,0.0,0.0,0.0,0.0,0.0,0.0,0.0,0.0,0.0
way/850815690,180_00000000000000000087,00000000000000000087,way/850815690,farmland,,,,,,,,,,,,,0.0,0.0,0.0,0.0,0.0,0.0,0.0,0.0,0.0,0.0,0.0,0.0
way/850815691,180_00000000000000000088,00000000000000000088,way/850815691,farmland,,,,,,,,,,,,,0.0,0.0,0.0,0.0,0.0,0.0,0.0,0.0,0.0,0.0,0.0,0.0
way/850817803,180_00000000000000000089,00000000000000000089,way/850817803,farmland,,,,,,,,,,,,,0.0,0.0,0.0,0.0,0.0,0.0,0.0,0.0,0.0,0.0,0.0,0.0
way/850817804,180_0000000000000000008a,0000000000000000008a,way/850817804,farmland,,,,,,,,,,,,,0.0,0.0,0.0,0.0,0.0,0.0,0.0,0.0,0.0,0.0,0.0,0.0
way/850817805,180_0000000000000000008b,0000000000000000008b,way/850817805,farmland,,,,,,,,,,,,,0.0,0.0,0.0,0.0,0.0,0.0,0.0,0.0,0.0,0.0,0.0,0.0
way/850817806,180_0000000000000000008c,0000000000000000008c,way/850817806,farmland,,,,,,,,,,,,,0.0,0.0,0.0,0.0,0.0,0.0,0.0,0.0,0.0,0.0,0.0,0.0
way/850817807,180_0000000000000000008d,0000000000000000008d,way/850817807,farmland,,,,,,,,,,,,,0.0,0.0,0.0,0.0,0.0,0.0,0.0,0.0,0.0,0.0,0.0,0.0
way/850817808,180_0000000000000000008e,0000000000000000008e,way/850817808,farmland,,,,,,,,,,,,,0.0,0.0,0.0,0.0,0.0,0.0,0.0,0.0,0.0,0.0,0.0,0.0
way/851243929,180_0000000000000000008f,0000000000000000008f,way/851243929,farmland,,,,,,,,,,,,,0.0,0.0,0.0,0.0,0.0,0.0,0.0,0.0,0.0,0.0,0.0,0.0
way/920392823,180_00000000000000000090,00000000000000000090,way/920392823,farmland,,,,,,,,,,,,,0.0,0.0,0.0,0.0,0.0,0.0,0.0,0.0,0.0,0.0,0.0,0.0
way/920392832,180_00000000000000000091,00000000000000000091,way/920392832,farmland,,,,,,,,,,,,,0.0,0.0,0.0,0.0,0.0,0.0,0.0,0.0,0.0,0.0,0.0,0.0
way/920392833,180_00000000000000000092,00000000000000000092,way/920392833,farmland,,,,,,,,,,,,,0.0,0.0,0.0,0.0,0.0,0.0,0.0,0.0,0.0,0.0,0.0,0.0
way/920392834,180_00000000000000000093,00000000000000000093,way/920392834,farmland,,,,,,,,,,,,,0.0,0.0,0.0,0.0,0.0,0.0,0.0,0.0,0.0,0.0,0.0,0.0
way/920392846,180_00000000000000000094,00000000000000000094,way/920392846,farmland,,,,,,,,,,,,,0.0,0.0,0.0,0.0,0.0,0.0,0.0,0.0,0.0,0.0,0.0,0.0
way/920392847,180_00000000000000000095,00000000000000000095,way/920392847,farmland,,,,,,,,,,,,,0.0,0.0,0.0,0.0,0.0,0.0,0.0,0.0,0.0,0.0,0.0,0.0
way/920392848,180_00000000000000000096,00000000000000000096,way/920392848,farmland,,,,,,,,,,,,,0.0,0.0,0.0,0.0,0.0,0.0,0.0,0.0,0.0,0.0,0.0,0.0
way/920392849,180_00000000000000000097,00000000000000000097,way/920392849,farmland,,,,,,,,,,,,,0.0,0.0,0.0,0.0,0.0,0.0,0.0,0.0,0.0,0.0,0.0,0.0
way/920404762,180_00000000000000000098,00000000000000000098,way/920404762,farmland,,,,,,,,,,,,,0.0,0.0,0.0,0.0,0.0,0.0,0.0,0.0,0.0,0.0,0.0,0.0
way/920419803,180_00000000000000000099,00000000000000000099,way/920419803,farmland,,,,,,,,,,,,,0.0,0.0,0.0,0.0,0.0,0.0,0.0,0.0,0.0,0.0,0.0,0.0
way/999029289,180_0000000000000000009a,0000000000000000009a,way/999029289,farmland,,,,,,,,,,,,,0.0,0.0,0.0,0.0,0.0,0.0,0.0,0.0,0.0,0.0,0.0,0.0
way/999029290,180_0000000000000000009b,0000000000000000009b,way/999029290,farmland,,,,,,,,,,,,,0.0,0.0,0.0,0.0,0.0,0.0,0.0,0.0,0.0,0.0,0.0,0.0
way/999029306,180_0000000000000000009c,0000000000000000009c,way/999029306,farmland,,,,,,,,,,,,,0.0,0.0,0.0,0.0,0.0,0.0,0.0,0.0,0.0,0.0,0.0,0.0
way/999029307,180_0000000000000000009d,0000000000000000009d,way/999029307,farmland,,,,,,,,,,,,,0.0,0.0,0.0,0.0,0.0,0.0,0.0,0.0,0.0,0.0,0.0,0.0
way/999029308,180_0000000000000000009e,0000000000000000009e,way/999029308,farmland,,,,,,,,,,,,,0.0,0.0,0.0,0.0,0.0,0.0,0.0,0.0,0.0,0.0,0.0,0.0
way/999029309,180_0000000000000000009f,0000000000000000009f,way/999029309,farmland,,,,,,,,,,,,,0.0,0.0,0.0,0.0,0.0,0.0,0.0,0.0,0.0,0.0,0.0,0.0
way/999073917,180_000000000000000000a0,000000000000000000a0,way/999073917,farmland,,,,,,,,,,,,,0.0,0.0,0.0,0.0,0.0,0.0,0.0,0.0,0.0,0.0,0.0,0.0
way/999073918,180_000000000000000000a1,000000000000000000a1,way/999073918,farmland,,,,,,,,,,,,,0.0,0.0,0.0,0.0,0.0,0.0,0.0,0.0,0.0,0.0,0.0,0.0
